Year,Artist,Category
2026,Bad Bunny,Album of the Year
2026,Olivia Dean,Best New Artist
2026,Mayhem,Best Pop Vocal Album
2026,Kendrick Lamar & SZA,Record of the Year
2026,Wildflower,Song of the Year
2025,Chappell Roan,Best New Artist
2025,Short n' Sweet,Best Pop Vocal Album
2025,Kendrick Lamar,Record of the Year
2025,"Not Like Us"" *",Song of the Year
2024,Taylor Swift,Album of the Year
2024,Victoria Monét,Best New Artist
2024,Midnights,Best Pop Vocal Album
2024,Miley Cyrus,Record of the Year
2024,What Was I Made For?,Song of the Year
2024,Billie Eilish & Finneas O'Connell,Song of the Year
2023,Harry Styles,Album of the Year
2023,Samara Joy,Best New Artist
2023,Harry's House,Best Pop Vocal Album
2023,Lizzo,Record of the Year
2023,Just Like That,Song of the Year
2023,Bonnie Raitt,Song of the Year
2022,Jon Batiste,Album of the Year
2022,Olivia Rodrigo,Best New Artist
2022,Sour,Best Pop Vocal Album
2022,Silk Sonic,Record of the Year
2022,"Leave the Door Open"" *",Song of the Year
2022,Silk Sonic,Song of the Year
2021,Taylor Swift,Album of the Year
2021,Megan Thee Stallion,Best New Artist
2021,Future Nostalgia,Best Pop Vocal Album
2021,Billie Eilish,Record of the Year
2021,I Can't Breathe,Song of the Year
2021,H.E.R.,Song of the Year
2020,Billie Eilish,Album of the Year
2020,Billie Eilish,Best New Artist
2020,"When We All Fall Asleep, Where Do We Go?",Best Pop Vocal Album
2020,Billie Eilish,Record of the Year
2020,"Bad Guy"" *",Song of the Year
2020,Billie Eilish & Finneas O'Connell,Song of the Year
2019,Kacey Musgraves,Album of the Year
2019,Dua Lipa,Best New Artist
2019,Sweetener,Best Pop Vocal Album
2019,Childish Gambino,Record of the Year
2019,"This Is America"" *",Song of the Year
2018,Bruno Mars,Album of the Year
2018,Alessia Cara,Best New Artist
2018,÷,Best Pop Vocal Album
2018,Bruno Mars,Record of the Year
2018,That's What I Like,Song of the Year
2017,Adele,Album of the Year
2017,Chance the Rapper,Best New Artist
2017,25,Best Pop Vocal Album
2017,Adele,Record of the Year
2017,"Hello"" *",Song of the Year
2016,Taylor Swift,Album of the Year
2016,Meghan Trainor,Best New Artist
2016,1989,Best Pop Vocal Album
2016,Mark Ronson featuring Bruno Mars,Record of the Year
2016,Thinking Out Loud,Song of the Year
2015,Beck,Album of the Year
2015,Sam Smith,Best New Artist
2015,In the Lonely Hour,Best Pop Vocal Album
2015,Sam Smith,Record of the Year
2015,"Stay with Me"" *",Song of the Year
2014,Daft Punk,Album of the Year
2014,Macklemore & Ryan Lewis,Best New Artist
2014,Unorthodox Jukebox,Best Pop Vocal Album
2014,Daft Punk featuring Pharrell Williams & Nile Rodgers,Record of the Year
2014,Royals,Song of the Year
2013,Mumford & Sons,Album of the Year
2013,Fun,Best New Artist
2013,Stronger,Best Pop Vocal Album
2013,Gotye featuring Kimbra,Record of the Year
2013,We Are Young,Song of the Year
2012,Adele,Album of the Year
2012,Bon Iver,Best New Artist
2012,21,Best Pop Vocal Album
2012,Adele,Record of the Year
2012,"Rolling in the Deep"" *",Song of the Year
2011,Arcade Fire,Album of the Year
2011,Esperanza Spalding,Best New Artist
2011,The Fame Monster,Best Pop Vocal Album
2011,Lady Antebellum,Record of the Year
2011,"Need You Now"" *",Song of the Year
2010,Taylor Swift,Album of the Year
2010,Zac Brown Band,Best New Artist
2010,The E.N.D.,Best Pop Vocal Album
2010,Kings of Leon,Record of the Year
2010,Single Ladies (Put a Ring on It),Song of the Year
2009,Robert Plant & Alison Krauss,Album of the Year
2009,Adele,Best New Artist
2009,Rockferry,Best Pop Vocal Album
2009,Robert Plant & Alison Krauss,Record of the Year
2009,Viva la Vida,Song of the Year
2008,Herbie Hancock,Album of the Year
2008,Amy Winehouse,Best New Artist
2008,Back to Black,Best Pop Vocal Album
2008,Amy Winehouse,Record of the Year
2008,"Rehab"" *",Song of the Year
2007,Dixie Chicks,Album of the Year
2007,Carrie Underwood,Best New Artist
2007,Continuum,Best Pop Vocal Album
2007,Dixie Chicks,Record of the Year
2007,"Not Ready to Make Nice"" *",Song of the Year
2006,U2,Album of the Year
2006,John Legend,Best New Artist
2006,Breakaway,Best Pop Vocal Album
2006,Green Day,Record of the Year
2006,Sometimes You Can't Make It on Your Own,Song of the Year
2005,Ray Charles,Album of the Year
2005,Maroon 5,Best New Artist
2005,Genius Loves Company,Best Pop Vocal Album
2005,Ray Charles & Norah Jones,Record of the Year
2005,Daughters,Song of the Year
2004,OutKast,Album of the Year
2004,Evanescence,Best New Artist
2004,Justified,Best Pop Vocal Album
2004,Coldplay,Record of the Year
2004,Dance with My Father,Song of the Year
2003,Norah Jones,Album of the Year
2003,Norah Jones,Best New Artist
2003,Come Away with Me,Best Pop Vocal Album
2003,Norah Jones,Record of the Year
2003,"Don't Know Why"" *",Song of the Year
2002,Various Artists,Album of the Year
2002,Alicia Keys,Best New Artist
2002,Lovers Rock,Best Pop Vocal Album
2002,U2,Record of the Year
2002,Fallin,Song of the Year
2001,Steely Dan,Album of the Year
2001,Shelby Lynne,Best New Artist
2001,Two Against Nature,Best Pop Vocal Album
2001,U2,Record of the Year
2001,"Beautiful Day"" *",Song of the Year
2000,Santana,Album of the Year
2000,Christina Aguilera,Best New Artist
2000,Brand New Day,Best Pop Vocal Album
2000,Santana featuring Rob Thomas,Record of the Year
2000,"Smooth"" *",Song of the Year
1999,Lauryn Hill,Album of the Year
1999,Lauryn Hill,Best New Artist
1999,Ray of Light,Best Pop Vocal Album
1999,Celine Dion,Record of the Year
1999,"My Heart Will Go On"" *",Song of the Year
1998,Bob Dylan,Album of the Year
1998,Paula Cole,Best New Artist
1998,Hourglass,Best Pop Vocal Album
1998,Shawn Colvin,Record of the Year
1998,"Sunny Came Home"" *",Song of the Year
1997,Celine Dion,Album of the Year
1997,LeAnn Rimes,Best New Artist
1997,Falling into You,Best Pop Vocal Album
1997,Eric Clapton,Record of the Year
1997,"Change the World"" *",Song of the Year
1996,Alanis Morissette,Album of the Year
1996,Hootie & the Blowfish,Best New Artist
1996,Turbulent Indigo,Best Pop Vocal Album
1996,Seal,Record of the Year
1996,"Kiss from a Rose"" *",Song of the Year
1995,Tony Bennett,Album of the Year
1995,Sheryl Crow,Best New Artist
1995,Longing in Their Hearts,Best Pop Vocal Album
1995,Sheryl Crow,Record of the Year
1995,Streets of Philadelphia,Song of the Year
1994,"Tibor Rudas, producer",Album of the Year
1994,Whitney Houston,Album of the Year
1994,Toni Braxton,Best New Artist
1994,Whitney Houston,Record of the Year
1994,A Whole New World,Song of the Year
1993,Eric Clapton,Album of the Year
1993,Arrested Development,Best New Artist
1993,Eric Clapton,Record of the Year
1993,"Tears in Heaven"" *",Song of the Year
1992,Natalie Cole,Album of the Year
1992,Marc Cohn,Best New Artist
1992,Natalie Cole (With Nat King Cole),Record of the Year
1992,"Unforgettable"" *",Song of the Year
1991,Quincy Jones,Album of the Year
1991,Mariah Carey,Best New Artist
1991,Phil Collins,Record of the Year
1991,From a Distance,Song of the Year
1990,Bonnie Raitt,Album of the Year
1990,Milli Vanilli (Later Revoked)[III],Best New Artist
1990,Bette Midler,Record of the Year
1990,"Wind Beneath My Wings"" *",Song of the Year
1989,"Jack Antonoff, Nathan Chapman, Imogen Heap, Max Martin, Mattman & Robin, Ali Payami, Shellback, Taylor Swift, Ryan Tedder & Noel Zancanella, producers; Jack Antonoff, Mattias Bylund, Smith Carlson, Nathan Chapman, Şerban Ghenea, John Hanes, Imogen Heap, Sam Holland, Michael Ilbert, Brendan Morawski, Laura Sisk & Ryan Tedder, engineers/mixers; Tom Coyne, mastering engineer",Album of the Year
1989,George Michael,Album of the Year
1989,Tracy Chapman,Best New Artist
1989,Bobby McFerrin,Record of the Year
1989,"Don't Worry, Be Happy"" *",Song of the Year
1988,U2,Album of the Year
1988,Jody Watley,Best New Artist
1988,Paul Simon,Record of the Year
1988,Somewhere Out There,Song of the Year
1987,Paul Simon,Album of the Year
1987,Bruce Hornsby & The Range,Best New Artist
1987,Steve Winwood,Record of the Year
1987,That's What Friends Are For,Song of the Year
1986,Phil Collins,Album of the Year
1986,Sade,Best New Artist
1986,USA for Africa,Record of the Year
1986,"We Are the World"" *",Song of the Year
1985,Lionel Richie,Album of the Year
1985,Cyndi Lauper,Best New Artist
1985,Tina Turner,Record of the Year
1985,"What's Love Got to Do with It"" *",Song of the Year
1984,Michael Jackson,Album of the Year
1984,Culture Club,Best New Artist
1984,Michael Jackson,Record of the Year
1984,Every Breath You Take,Song of the Year
1983,Toto,Album of the Year
1983,Men at Work,Best New Artist
1983,Toto,Record of the Year
1983,Always on My Mind,Song of the Year
1982,John Lennon & Yoko Ono,Album of the Year
1982,Sheena Easton,Best New Artist
1982,Kim Carnes,Record of the Year
1982,"Bette Davis Eyes"" *",Song of the Year
1981,Christopher Cross,Album of the Year
1981,Christopher Cross,Best New Artist
1981,Christopher Cross,Record of the Year
1981,"Sailing"" *",Song of the Year
1980,Billy Joel,Album of the Year
1980,Rickie Lee Jones,Best New Artist
1980,The Doobie Brothers,Record of the Year
1980,"What a Fool Believes"" *",Song of the Year
1979,Bee Gees,Album of the Year
1979,A Taste of Honey,Best New Artist
1979,Billy Joel,Record of the Year
1979,"Flood & Alan Moulder, producers",Record of the Year
1979,"Just the Way You Are"" *",Song of the Year
1978,Fleetwood Mac,Album of the Year
1978,Debby Boone,Best New Artist
1978,Eagles,Record of the Year
1978,Evergreen (Love Theme from A Star Is Born),Song of the Year
1977,Stevie Wonder,Album of the Year
1977,Starland Vocal Band,Best New Artist
1977,George Benson,Record of the Year
1977,I Write the Songs,Song of the Year
1976,Paul Simon,Album of the Year
1976,Natalie Cole,Best New Artist
1976,Captain & Tennille,Record of the Year
1976,Send In the Clowns,Song of the Year
1975,Stevie Wonder,Album of the Year
1975,Marvin Hamlisch,Best New Artist
1975,Olivia Newton-John,Record of the Year
1975,The Way We Were,Song of the Year
1974,Stevie Wonder,Album of the Year
1974,Bette Midler,Best New Artist
1974,Roberta Flack,Record of the Year
1974,"Killing Me Softly with His Song"" *",Song of the Year
1973,George Harrison & Friends,Album of the Year
1973,America,Best New Artist
1973,Roberta Flack,Record of the Year
1973,"The First Time Ever I Saw Your Face"" *",Song of the Year
1972,Carole King,Album of the Year
1972,Carly Simon,Best New Artist
1972,Carole King,Record of the Year
1972,You've Got a Friend,Song of the Year
1971,Simon & Garfunkel,Album of the Year
1971,The Carpenters,Best New Artist
1971,Simon & Garfunkel,Record of the Year
1971,"Bridge over Troubled Water"" *",Song of the Year
1970,"Blood, Sweat & Tears",Album of the Year
1970,"Crosby, Stills & Nash",Best New Artist
1970,The 5th Dimension,Record of the Year
1970,Games People Play,Song of the Year
1969,Glen Campbell,Album of the Year
1969,José Feliciano,Best New Artist
1969,Simon & Garfunkel,Record of the Year
1969,Little Green Apples,Song of the Year
1968,The Beatles,Album of the Year
1968,Bobbie Gentry,Best New Artist
1968,Sgt. Pepper's Lonely Hearts Club Band,Best Pop Vocal Album
1968,The 5th Dimension,Record of the Year
1968,"Up, Up, and Away"" *",Song of the Year
1967,Frank Sinatra,Album of the Year
1967,No award[II],Best New Artist
1967,Frank Sinatra,Record of the Year
1967,Michelle,Song of the Year
1966,Frank Sinatra,Album of the Year
1966,Tom Jones,Best New Artist
1966,Herb Alpert & the Tijuana Brass,Record of the Year
1966,The Shadow of Your Smile,Song of the Year
1965,Stan Getz & João Gilberto,Album of the Year
1965,The Beatles,Best New Artist
1965,Stan Getz & Astrud Gilberto,Record of the Year
1965,"Hello, Dolly!",Song of the Year
1964,Barbra Streisand,Album of the Year
1964,The Swingle Singers,Best New Artist
1964,Henry Mancini,Record of the Year
1964,"Days of Wine and Roses"" *",Song of the Year
1963,Vaughn Meader,Album of the Year
1963,Robert Goulet,Best New Artist
1963,Tony Bennett,Record of the Year
1963,What Kind of Fool Am I?,Song of the Year
1962,Judy Garland,Album of the Year
1962,Peter Nero,Best New Artist
1962,Henry Mancini,Record of the Year
1962,"Moon River"" *",Song of the Year
1961,Bob Newhart,Album of the Year
1961,Bob Newhart,Best New Artist
1961,Percy Faith,Record of the Year
1961,Theme of Exodus,Song of the Year
1960,Frank Sinatra,Album of the Year
1960,Bobby Darin,Best New Artist
1960,The Battle of New Orleans,Song of the Year
1959,Henry Mancini,Album of the Year
1959,Domenico Modugno,Record of the Year
1959,Bobby Darin,Record of the Year
1959,"Nel blu, dipinto di blu (Volare)"" *",Song of the Year
